{"score": -1023.2297870200722, "actor_loss": 1.3219908475875854, "critic_loss": 0.0360746756196022, "Building_Score_1": -290.8136777708938, "Building_Score_2": -202.41015261366675, "Building_Score_3": -197.03256444620513, "Building_Score_4": -143.45783219222284, "Building_Score_5": -189.5155599970834, "_timestamp": 1662272385.6259518, "_runtime": 2277.5555357933044, "_step": 999, "_wandb": {"runtime": 2282}}