{"metric": 2.7857293640765963, "Price cost": 1.4031851529932413, "Emmision cost": 1.382544211083355, "_timestamp": 1664546158.3904674, "_runtime": 170.98733949661255, "_step": 398}