{"score": -13407.62556211374, "actor_loss": 157.68087768554688, "critic_loss": 6.011178493499756, "Building_Score_1": -3367.6020148194384, "Building_Score_2": -3008.586657058175, "Building_Score_3": -2022.5394467818571, "Building_Score_4": -2674.170012585841, "Building_Score_5": -2334.7274308684177, "_timestamp": 1662704895.123157, "_runtime": 6991.786831140518, "_step": 216, "_wandb": {"runtime": 7116}}