{"score": -1041.0685632586135, "actor_loss": 0.8937960863113403, "critic_loss": 0.07346281409263611, "Building_Score_1": -273.7849851474775, "Building_Score_2": -241.41209269436536, "Building_Score_3": -192.89809322746507, "Building_Score_4": -143.45783219222284, "Building_Score_5": -189.5155599970834, "_timestamp": 1662304424.1797025, "_runtime": 2145.1692836284637, "_step": 999, "_wandb": {"runtime": 2141}}