{"score": -999.5800454988658, "actor_loss": 2.221303939819336, "critic_loss": 0.08522089570760727, "Building_Score_1": -273.7849851474775, "Building_Score_2": -199.78739600759107, "Building_Score_3": -192.8855864829703, "Building_Score_4": -143.60651786374356, "Building_Score_5": -189.5155599970834, "_timestamp": 1662274681.2409592, "_runtime": 2208.9784281253815, "_step": 999, "_wandb": {"runtime": 2206}}