{"score": -25430.071772269646, "actor_loss": 0, "critic_loss": 0, "Building_Score_1": -5612.430204499906, "Building_Score_2": -5321.1092562765825, "Building_Score_3": -4499.846988429755, "Building_Score_4": -5127.278037847145, "Building_Score_5": -4869.407285216309, "_timestamp": 1661074673.4002097, "_runtime": 9.460055589675903, "_step": 0, "_wandb": {"runtime": 8}}