{"metric": 3.431359484593095, "Price cost": 1.734480495663053, "Emmision cost": 1.696878988930042, "_timestamp": 1664545549.117117, "_runtime": 1088.2501528263092, "_step": 388}