{"metric": 2.0, "Price cost": 1.0, "Emmision cost": 1.0, "_timestamp": 1664548590.538515, "_runtime": 147.06847620010376, "_step": 3905}