{"score": -25264.21861972413, "actor_loss": 0, "critic_loss": 0, "Building_Score_1": -5459.896589954642, "Building_Score_2": -5380.658376201607, "Building_Score_3": -4524.80134898944, "Building_Score_4": -5086.567928382638, "Building_Score_5": -4812.294376195779, "_timestamp": 1661098253.764759, "_runtime": 298.9806001186371, "_step": 49, "_wandb": {"runtime": 297}}