{"score": -999.5134841406647, "actor_loss": 162.11813354492188, "critic_loss": 0.01507524587213993, "Building_Score_1": -273.7849851474775, "Building_Score_2": -199.70064763633476, "Building_Score_3": -192.90985955170785, "Building_Score_4": -143.45783219222284, "Building_Score_5": -189.6601596129216, "_timestamp": 1666924142.6899886, "_runtime": 42882.11028051376, "_step": 9999, "_wandb": {"runtime": 42879}}