{"score": -1016.6226362863952, "actor_loss": 1.6900150775909424, "critic_loss": 0.09271551668643951, "Building_Score_1": -275.03631486635066, "Building_Score_2": -208.56720076076655, "Building_Score_3": -200.47463806881782, "Building_Score_4": -143.45783219222284, "Building_Score_5": -189.08665039823717, "_timestamp": 1662346604.6037993, "_runtime": 23016.1419172287, "_step": 999, "_wandb": {"runtime": 23013}}