{"metric": 2.0, "Price cost": 1.0, "Emmision cost": 1.0, "_timestamp": 1664546896.1287203, "_runtime": 616.3300993442535, "_step": 999}