{"loss/critic_1": 7.703714847564697, "loss/critic_2": 7.972902774810791, "loss/policy": 191.06761169433594, "loss/entropy_loss": 0.0, "entropy_temprature/alpha": 0.20000000298023224, "_timestamp": 1662785802.6056573, "_runtime": 83.90176224708557, "_step": 4645, "score": -1952.799503514153, "Building_Score_1": -443.7671807816144, "Building_Score_2": -444.7098906946204, "Building_Score_3": -336.8862257611584, "Building_Score_4": -323.35683856860567, "Building_Score_5": -404.0793677081542, "_wandb": {"runtime": 77}}