{"score": -25355.09239423048, "actor_loss": 0, "critic_loss": 0, "Building_Score_1": -5541.971885592991, "Building_Score_2": -5269.139349315853, "Building_Score_3": -4507.348975327685, "Building_Score_4": -5212.15627980707, "Building_Score_5": -4824.4759041868265, "_timestamp": 1661096806.1682124, "_runtime": 310.462842464447, "_step": 49, "_wandb": {"runtime": 307}}