{"score": -1767.134633339192, "actor_loss": 0, "critic_loss": 0, "Building_Score_1": -405.9221239000194, "Building_Score_2": -349.6523464588481, "Building_Score_3": -360.8078444957762, "Building_Score_4": -310.71884248947885, "Building_Score_5": -340.033475995071, "_timestamp": 1666874920.418345, "_runtime": 6.03629994392395, "_step": 0, "_wandb": {"runtime": 4}}