{"score": -999.3558975199568, "actor_loss": 2.5223846435546875, "critic_loss": 0.10683128237724304, "Building_Score_1": -273.7849851474775, "Building_Score_2": -199.70064763633476, "Building_Score_3": -192.8855864829703, "Building_Score_4": -143.46911825609075, "Building_Score_5": -189.5155599970834, "_timestamp": 1662290537.452014, "_runtime": 2461.441004037857, "_step": 999, "_wandb": {"runtime": 2459}}