{"score": -13412.853124899446, "actor_loss": 152.0782928466797, "critic_loss": 4.941815376281738, "Building_Score_1": -3370.215796212291, "Building_Score_2": -3011.2004384510274, "Building_Score_3": -2022.5394467818571, "Building_Score_4": -2676.7837939786937, "Building_Score_5": -2332.113649475565, "_timestamp": 1661135073.9141161, "_runtime": 35464.40562224388, "_step": 859}