{"score": -1045.8255393212946, "actor_loss": 1.6188856363296509, "critic_loss": 0.02923755720257759, "Building_Score_1": -281.88711584955144, "Building_Score_2": -199.70064763633476, "Building_Score_3": -194.57266116771697, "Building_Score_4": -180.14955467060778, "Building_Score_5": -189.5155599970834, "_timestamp": 1662292738.1991332, "_runtime": 2184.571520090103, "_step": 999, "_wandb": {"runtime": 2183}}