{"metric": 2.0, "Price cost": 1.0, "Emmision cost": 1.0, "_timestamp": 1664549995.9208088, "_runtime": 1089.9036347866058, "_step": 32519}