{"score": -999.7368348661545, "actor_loss": 165.35635375976562, "critic_loss": 4.294569969177246, "Building_Score_1": -273.7849851474775, "Building_Score_2": -199.70064763633476, "Building_Score_3": -192.8855864829703, "Building_Score_4": -143.64022376401405, "Building_Score_5": -189.72539183535778, "_timestamp": 1666876048.1542728, "_runtime": 1087.6399657726288, "_step": 281, "_wandb": {"runtime": 1087}}