{"score": -1190.5410971879749, "actor_loss": 0.12983070313930511, "critic_loss": 0.06335284560918808, "Building_Score_1": -334.39628669088586, "Building_Score_2": -247.17050046521612, "Building_Score_3": -197.06793243534725, "Building_Score_4": -214.83191297261627, "Building_Score_5": -197.07446462390905, "_timestamp": 1662322455.2674344, "_runtime": 15445.034470319748, "_step": 999, "_wandb": {"runtime": 15442}}