{"score": -13407.62556539673, "actor_loss": 155.78353881835938, "critic_loss": 3.598545551300049, "Building_Score_1": -3367.6020148194384, "Building_Score_2": -3008.586657058175, "Building_Score_3": -2025.1532314576982, "Building_Score_4": -2674.170012585841, "Building_Score_5": -2332.113649475565, "_timestamp": 1661095859.0475569, "_runtime": 20761.923066854477, "_step": 538}