{"score": -25289.30664798819, "actor_loss": 0, "critic_loss": 0, "Building_Score_1": -5462.445331985886, "Building_Score_2": -5287.193497663543, "Building_Score_3": -4534.072530920955, "Building_Score_4": -5164.95721471506, "Building_Score_5": -4840.638072702725, "_timestamp": 1661074653.1879582, "_runtime": 10.026402235031128, "_step": 0, "_wandb": {"runtime": 8}}