{"score": -1023.529168277596, "actor_loss": 2.2933716773986816, "critic_loss": 0.05369431525468826, "Building_Score_1": -273.7849851474775, "Building_Score_2": -199.8603000342343, "Building_Score_3": -192.8855864829703, "Building_Score_4": -163.82067111231976, "Building_Score_5": -193.1776255005943, "_timestamp": 1662297159.9879248, "_runtime": 2179.8858177661896, "_step": 999, "_wandb": {"runtime": 2174}}