{"metric": 4.247026222302152, "Price cost": 2.1070340474374043, "Emmision cost": 2.1399921748647475, "_timestamp": 1664543628.2316961, "_runtime": 715.3945281505585, "_step": 13}