{"score": 75029.91547049428, "Building_Score_1": 14738.60106558295, "Building_Score_2": 14171.025956816238, "Building_Score_3": 15528.057204489194, "Building_Score_4": 14909.626812513423, "Building_Score_5": 15682.604431092475, "_timestamp": 1662926903.4522614, "_runtime": 9189.990266561508, "_step": 1999, "loss/critic_1": 56826.17079925537, "loss/critic_2": 55956.29058074951, "loss/policy": -1350180.8464355469, "loss/entropy_loss": 0.0, "entropy_temprature/alpha": 100.00000149011612, "_wandb": {"runtime": 9198}}