{"score": -1476.507511436591, "Building_Score_1": -351.3649959014384, "Building_Score_2": -306.2741623522038, "Building_Score_3": -286.92323678901494, "Building_Score_4": -261.5867490813168, "Building_Score_5": -270.35836731261713, "_timestamp": 1662795850.177402, "_runtime": 9549.238250017166, "_step": 1999, "loss/critic_1": 97.75801479816437, "loss/critic_2": 95.9926227927208, "loss/policy": 3033.0213856697083, "loss/entropy_loss": 0.0, "entropy_temprature/alpha": 100.00000149011612, "_wandb": {"runtime": 9553}}