{"score": -25340.08170677622, "actor_loss": 0, "critic_loss": 0, "Building_Score_1": -5508.886587610939, "Building_Score_2": -5248.963846826342, "Building_Score_3": -4507.888186498229, "Building_Score_4": -5196.645218538578, "Building_Score_5": -4877.697867302067, "_timestamp": 1662697407.1493495, "_runtime": 264.0820915699005, "_step": 43, "_wandb": {"runtime": 264}}