{"score": -16273.836175508095, "actor_loss": 152.4488525390625, "critic_loss": 7.403152942657471, "Building_Score_1": -3724.248638770079, "Building_Score_2": -3765.6042874224904, "Building_Score_3": -2607.5788145203446, "Building_Score_4": -3237.73383994089, "Building_Score_5": -2938.6705948543, "_timestamp": 1662720126.190378, "_runtime": 567.5700318813324, "_step": 56}