{"score": -1012.3585640001644, "actor_loss": 0, "critic_loss": 0, "Building_Score_1": -276.39876654032986, "Building_Score_2": -202.31442897198943, "Building_Score_3": -195.4782884931499, "Building_Score_4": -146.0527589421989, "Building_Score_5": -192.1143210524962, "metric": 2.027460140099879, "Price cost": 1.0132294832098823, "Emmision cost": 1.0142306568899968, "_timestamp": 1663163090.3156958, "_runtime": 307.6210458278656, "_step": 74, "_wandb": {"runtime": 306}}