{"score": -13407.62556211374, "actor_loss": 157.21267700195312, "critic_loss": 9.362448692321777, "Building_Score_1": -3370.215796212291, "Building_Score_2": -3008.586657058175, "Building_Score_3": -2022.5394467818571, "Building_Score_4": -2674.170012585841, "Building_Score_5": -2332.113649475565, "_timestamp": 1662696957.590526, "_runtime": 1221.7870512008667, "_step": 76, "_wandb": {"runtime": 1329}}