{"score": -25370.627679649013, "actor_loss": 0, "critic_loss": 0, "Building_Score_1": -5497.906578612667, "Building_Score_2": -5339.215343390306, "Building_Score_3": -4555.531158954915, "Building_Score_4": -5168.236821399881, "Building_Score_5": -4809.737777291249, "_timestamp": 1662697094.0510828, "_runtime": 9.75450587272644, "_step": 0, "_wandb": {"runtime": 12}}