{"score": 49509.87112082179, "Building_Score_1": 9127.547183913646, "Building_Score_2": 8328.048850527324, "Building_Score_3": 11226.44418718728, "Building_Score_4": 9607.52177069832, "Building_Score_5": 11220.309128495215, "_timestamp": 1662936379.0776982, "_runtime": 8081.486609220505, "_step": 1999, "loss/critic_1": 18851.869956493378, "loss/critic_2": 14067.742433786392, "loss/policy": -864846.4841308594, "loss/entropy_loss": 0.0, "entropy_temprature/alpha": 0, "_wandb": {"runtime": 8088}}