{"score": -999.3886732797677, "actor_loss": 2.057638645172119, "critic_loss": 0.10647167265415192, "Building_Score_1": -273.7849851474775, "Building_Score_2": -199.70064763633476, "Building_Score_3": -192.92964830664928, "Building_Score_4": -143.45783219222284, "Building_Score_5": -189.5155599970834, "_timestamp": 1662288048.5847888, "_runtime": 2250.9836127758026, "_step": 999, "_wandb": {"runtime": 2248}}