{"score": -25376.18218475815, "actor_loss": 0, "critic_loss": 0, "Building_Score_1": -5511.095815228456, "Building_Score_2": -5291.312021772628, "Building_Score_3": -4501.115432749107, "Building_Score_4": -5245.684556408572, "Building_Score_5": -4826.974358599376, "_timestamp": 1662695616.487942, "_runtime": 27.470135927200317, "_step": 3}