{"score": 919.6547199130147, "Building_Score_1": 178.98494679028565, "Building_Score_2": 181.59522993052124, "Building_Score_3": 184.36570010731722, "Building_Score_4": 187.31405902911254, "Building_Score_5": 187.39478405577802, "_timestamp": 1662805111.5808585, "_runtime": 9204.611481428146, "_step": 1999, "loss/critic_1": 11.171216408722103, "loss/critic_2": 11.504015338607132, "loss/policy": -52268.90008544922, "loss/entropy_loss": 0.0, "entropy_temprature/alpha": 100.00000149011612, "_wandb": {"runtime": 9205}}