{"score": -1002.9660305175399, "actor_loss": 1.998003602027893, "critic_loss": 0.029742252081632614, "Building_Score_1": -276.33303461226876, "Building_Score_2": -199.70064763633476, "Building_Score_3": -193.95895607963016, "Building_Score_4": -143.45783219222284, "Building_Score_5": -189.5155599970834, "_timestamp": 1662371420.828783, "_runtime": 24782.662238121033, "_step": 999, "_wandb": {"runtime": 24781}}