{"score": -13419.765120290705, "actor_loss": 171.5041046142578, "critic_loss": 0.010220015421509743, "Building_Score_1": -3367.6020148194384, "Building_Score_2": -3008.586657058175, "Building_Score_3": -2029.7130124802577, "Building_Score_4": -2678.3632882429356, "Building_Score_5": -2335.500147689886, "_timestamp": 1660873481.254268, "_runtime": 28963.38877081871, "_step": 759}