{"score": -999.3446114560887, "actor_loss": 0, "critic_loss": 0, "Building_Score_1": -273.7849851474775, "Building_Score_2": -199.70064763633476, "Building_Score_3": -192.8855864829703, "Building_Score_4": -143.45783219222284, "Building_Score_5": -189.5155599970834, "metric": 2.0, "Price cost": 1.0, "Emmision cost": 1.0, "_timestamp": 1663163467.468806, "_runtime": 182.2430500984192, "_step": 69, "_wandb": {"runtime": 226}}