{"score": -25322.932860586072, "actor_loss": 0, "critic_loss": 0, "Building_Score_1": -5495.1014958124015, "Building_Score_2": -5336.480945083442, "Building_Score_3": -4548.684600164074, "Building_Score_4": -5136.263669671333, "Building_Score_5": -4806.402149854699, "_timestamp": 1660844095.308035, "_runtime": 157.81942296028137, "_step": 23}