{"score": -1002.1579878083347, "actor_loss": 1.6526663303375244, "critic_loss": 0.03128906339406967, "Building_Score_1": -273.7849851474775, "Building_Score_2": -199.70064763633476, "Building_Score_3": -192.8855864829703, "Building_Score_4": -146.27120854446866, "Building_Score_5": -189.5155599970834, "_timestamp": 1662299620.8623836, "_runtime": 2327.9003624916077, "_step": 999, "_wandb": {"runtime": 2325}}