{"score": -2269.969176954601, "Building_Score_1": -673.3297878183101, "Building_Score_2": -426.6366453581486, "Building_Score_3": -464.3379997740732, "Building_Score_4": -310.0061298857924, "Building_Score_5": -395.6586141182767, "_timestamp": 1662675924.5306132, "_runtime": 1245.5421192646027, "_step": 999, "_wandb": {"runtime": 1245}}