{"score": -1000.3592993927421, "Building_Score_1": -272.07259321857396, "Building_Score_2": -201.52606236963425, "Building_Score_3": -192.20391090933038, "Building_Score_4": -143.1974597495272, "Building_Score_5": -191.3592731456763, "_timestamp": 1662809668.06887, "_runtime": 3790.940819978714, "_step": 925, "loss/critic_1": 0.43485373935254756, "loss/critic_2": 22.40326442811056, "loss/policy": 21658.098052978516, "loss/entropy_loss": 0.0, "entropy_temprature/alpha": 0, "_wandb": {"runtime": 3794}}