{"score": -1988.9994378474955, "Building_Score_1": -475.36579097838506, "Building_Score_2": -418.6678622537034, "Building_Score_3": -379.14446386037605, "Building_Score_4": -375.1165393043459, "Building_Score_5": -340.70478145068495, "_timestamp": 1662673741.290229, "_runtime": 21.90924596786499, "_step": 19}