{"score": -1987.8379164399798, "Building_Score_1": -475.36579097838506, "Building_Score_2": -417.92406178821096, "Building_Score_3": -379.14446386037605, "Building_Score_4": -374.69881836232275, "Building_Score_5": -340.70478145068495, "_timestamp": 1662674657.849642, "_runtime": 938.4686589241028, "_step": 999, "_wandb": {"runtime": 938}}