{"score": -1226.0312470268398, "actor_loss": 0, "critic_loss": 0, "Building_Score_1": -293.8132354313868, "Building_Score_2": -259.923245968765, "Building_Score_3": -232.14313342688206, "Building_Score_4": -203.96120051470612, "Building_Score_5": -236.19043168509972, "metric": 2.2827099107391544, "Price cost": 1.021451335509962, "Emmision cost": 1.2612585752291925, "_timestamp": 1663163139.187514, "_runtime": 33.37702012062073, "_step": 55, "_wandb": {"runtime": 65}}