{"metric": 2.765978585902153, "Price cost": 1.393050339552284, "Emmision cost": 1.3729282463498693, "_timestamp": 1664548679.1027424, "_runtime": 58.3139443397522, "_step": 1507}