{"score": -999.3446114560887, "actor_loss": 2.4544358253479004, "critic_loss": 0.1600733995437622, "Building_Score_1": -273.7849851474775, "Building_Score_2": -199.70064763633476, "Building_Score_3": -192.8855864829703, "Building_Score_4": -143.45783219222284, "Building_Score_5": -189.5155599970834, "_timestamp": 1662302123.8226519, "_runtime": 2348.230929851532, "_step": 999, "_wandb": {"runtime": 2343}}