{"score": -1076.4485310407601, "actor_loss": 0, "critic_loss": 0, "Building_Score_1": -294.326229949491, "Building_Score_2": -206.84348200175805, "Building_Score_3": -196.15629070161668, "Building_Score_4": -160.51470780273755, "Building_Score_5": -218.60782058515636, "_timestamp": 1666845279.785302, "_runtime": 27.14589786529541, "_step": 55, "_wandb": {"runtime": 25}}