{"score": -999.3473345918416, "actor_loss": 1.6229517459869385, "critic_loss": 0.14079231023788452, "Building_Score_1": -273.7849851474775, "Building_Score_2": -199.70337077208748, "Building_Score_3": -192.8855864829703, "Building_Score_4": -143.45783219222284, "Building_Score_5": -189.5155599970834, "_timestamp": 1662380734.6545708, "_runtime": 9275.583499908447, "_step": 414}