{"score": -25243.54739399498, "actor_loss": 0, "critic_loss": 0, "Building_Score_1": -5535.902911467909, "Building_Score_2": -5222.450279952, "Building_Score_3": -4451.089777351956, "Building_Score_4": -5139.496492435016, "Building_Score_5": -4894.607932788123, "_timestamp": 1662697835.086274, "_runtime": 11.54993486404419, "_step": 0, "_wandb": {"runtime": 12}}