{"score": 57655.564444110074, "Building_Score_1": 11186.838657990325, "Building_Score_2": 9937.280193233877, "Building_Score_3": 11649.103259779009, "Building_Score_4": 12070.404757037131, "Building_Score_5": 12811.937576069731, "_timestamp": 1662917298.0472147, "_runtime": 231.7899887561798, "_step": 59, "loss/critic_1": 286907.38302612305, "loss/critic_2": 299063.6187438965, "loss/policy": -449797.9196166992, "loss/entropy_loss": 0.0, "entropy_temprature/alpha": 100.00000149011612, "_wandb": {"runtime": 231}}